{"_timestamp":1.7420551559915822e+09,"_wandb":{"runtime":8},"_runtime":8.372665095,"_step":39,"train_loss":0.41337069671314447,"train_acc":0.890625,"val_loss":0.45029264771091404,"val_acc":0.838}