{"val_acc":0.7781666666666667,"_timestamp":1.7420676929591794e+09,"_runtime":24.107561626,"_step":79,"_wandb":{"runtime":24},"train_loss":0.04387885261897404,"train_acc":0.6875,"val_loss":0.03572935332610246}