{"val_acc":0.09933333333333333,"_timestamp":1.7415472002296438e+09,"val_loss":2.3026173430337247,"train_loss":2.3025965134630026,"_wandb":{"runtime":41},"test_loss":2.302586032540388,"test_acc":0.1,"train_acc":0.09810267857142857,"_runtime":41.527573782,"_step":839}