{"_step":32,"train_loss":0.13468799599003814,"train_acc":0.0625,"val_loss":0.1810663747499412,"val_acc":0.09466666666666666,"_timestamp":1.7420992500319283e+09,"_runtime":11.85746164,"_wandb":{"runtime":11}}