{"_wandb":{"runtime":332},"_runtime":332.571034121,"epoch":10,"train_acc":0.716037037037037,"val_acc":0.765,"val_loss":0.6449213367166018,"_timestamp":1.741447266064906e+09,"train_loss":0.8673138711095684,"_step":539}