{"_step":39,"_wandb":{"runtime":21},"train_loss":0.18125,"train_acc":0.09375,"val_loss":0.17949917565196946,"val_acc":0.09983333333333333,"_timestamp":1.7420981267316258e+09,"_runtime":20.890984943}