{"_runtime":53.496228125,"epoch":1,"_step":80,"train_acc":0.1395625,"val_acc":0.4076666666666667,"train_loss":2.352599915863919,"_timestamp":1.7414466065822594e+09,"_wandb":{"runtime":53},"val_loss":2.232946520268976}