{"_step":79,"train_loss":0.019924948773541513,"train_acc":0.875,"val_loss":0.03573405931033431,"val_acc":0.7251666666666666,"_timestamp":1.7420690318675573e+09,"_wandb":{"runtime":31},"_runtime":31.651589097}