{"val_loss":0.01915854618748637,"val_acc":0.867,"_timestamp":1.7420690920086071e+09,"_wandb":{"runtime":55},"_runtime":55.299690383,"_step":79,"train_loss":0.016230619140588258,"train_acc":0.90625}