{"_step":79,"train_loss":0.029533392654779823,"train_acc":0.8125,"val_loss":0.022483924109183633,"val_acc":0.8443333333333334,"_timestamp":1.7420691501737828e+09,"_runtime":50.173581449,"_wandb":{"runtime":50}}