{"train_loss":2.3025787226670253,"val_loss":2.302578421398411,"_timestamp":1.7414950868289104e+09,"_runtime":120.460139245,"_wandb":{"runtime":120},"_step":419,"val_acc":0.19666666666666666,"epoch":5,"train_acc":0.19084821428571427}