{"_runtime":68.229941564,"_step":79,"Train Loss":0.022945039398744944,"_wandb":{"runtime":68},"Train Acc":1,"Val Loss":0.09641509361859103,"Val Acc":0.9745,"_timestamp":1.7421310632505758e+09}