{"val_loss":0.02120987736898141,"val_acc":0.8515,"_timestamp":1.74206890820761e+09,"_runtime":61.50842782,"_wandb":{"runtime":61},"_step":79,"train_loss":0.013870198153185322,"train_acc":0.859375}