{"train_acc":0.912629821958457,"_step":3369,"epoch":10,"_timestamp":1.741498111534974e+09,"train_loss":0.2318108488241285,"_runtime":3018.363841257,"val_loss":0.31945154068536763,"_wandb":{"runtime":3018},"val_acc":0.8866666666666667}