{"_runtime":42.897315723,"_step":79,"train_loss":0.7351787419081387,"train_acc":0.765625,"_wandb":{"runtime":43},"val_loss":0.4698266016333386,"val_acc":0.8261666666666667,"_timestamp":1.7418893941198094e+09}