{"val_loss":0.6419398468129175,"train_loss":0.8736656765585956,"epoch":10,"_wandb":{"runtime":339},"val_acc":0.7646666666666667,"_runtime":339.618452896,"train_acc":0.7197592592592592,"_timestamp":1.7414556505269277e+09,"_step":539}