{"val_loss":0.04861340682355698,"val_acc":0.6398333333333334,"_wandb":{"runtime":35},"_timestamp":1.7420982584506617e+09,"_runtime":34.854136323,"_step":79,"train_loss":0.06027101349736004,"train_acc":0.5625}