{"val_loss":0.04216513467095793,"val_acc":0.6981666666666667,"_timestamp":1.7420676506548858e+09,"_runtime":45.526712258,"_step":159,"train_loss":0.06193460133357389,"train_acc":0.5,"_wandb":{"runtime":45}}