{"_runtime":54.718036681,"_step":79,"train_loss":0.02140169747454247,"train_acc":0.859375,"_wandb":{"runtime":54},"val_loss":0.02242654578094581,"val_acc":0.8456666666666667,"_timestamp":1.742068597917204e+09}