{"val_acc":0.8375,"_timestamp":1.741944592491115e+09,"_runtime":16.319475029,"_step":79,"train_loss":0.01853167171515722,"train_acc":0.90625,"_wandb":{"runtime":16},"val_loss":0.02321692330419737}