{"_runtime":80.582426297,"_step":329,"_wandb":{"runtime":80},"train_loss":0.013154309474638795,"train_acc":0.9375,"val_loss":0.016564804113784564,"val_acc":0.8843333333333333,"_timestamp":1.741944677699649e+09}