{"_runtime":40.840116819,"_step":79,"train_loss":0.052967251288174755,"_wandb":{"runtime":41},"train_acc":0.6875,"val_loss":0.05071268970138017,"val_acc":0.6525,"_timestamp":1.7420686430216348e+09}