{"train_acc":0.8934487951807228,"_step":502,"epoch":6,"val_loss":-71.39016866720657,"train_loss":-68.69515945217667,"val_acc":0.8838333333333334,"_runtime":448.115807048,"_timestamp":1.7415064158757863e+09,"_wandb":{"runtime":448}}