{"_wandb":{"runtime":1633},"_timestamp":1.7414425360895689e+09,"_runtime":1633.269013526,"_step":1001,"loss":1.4281360948472643,"train_acc":0.5502666666666667,"test_acc":0.5477,"imgae":10}