{"train_loss":0.019120151396896996,"train_acc":0.90625,"val_loss":0.020719734996459623,"val_acc":0.8526666666666667,"_wandb":{"runtime":17},"_timestamp":1.7420972702559333e+09,"_runtime":17.332414559,"_step":39}