{"train_loss":0.27938458807072564,"train_acc":0.9375,"val_loss":0.3469154014555,"val_acc":0.8763333333333333,"_wandb":{"runtime":20},"_timestamp":1.741890070416294e+09,"_runtime":19.993426196,"_step":79}