{"_timestamp":1.7420545975556653e+09,"_wandb":{"runtime":26},"_runtime":26.099845219,"_step":39,"train_loss":0.568665898486113,"train_acc":0.8125,"val_loss":0.6267231725751576,"val_acc":0.7701666666666667}