{"Train Acc":1,"Val Loss":0.1507540502907736,"Val Acc":0.9656666666666667,"_timestamp":1.7421309074861135e+09,"_runtime":138.271736152,"_step":79,"_wandb":{"runtime":139},"Train Loss":0.006202646991677898}