{"train_loss":0.019658351224826738,"train_acc":0.84375,"_wandb":{"runtime":61},"val_loss":0.02301935194666038,"val_acc":0.839,"_timestamp":1.742069676379733e+09,"_runtime":60.797683188,"_step":79}