{"val_acc":0.8515,"_timestamp":1.7420692600078037e+09,"_runtime":31.966735852,"_step":79,"_wandb":{"runtime":32},"train_loss":0.021444706680353316,"train_acc":0.84375,"val_loss":0.021359962747953022}