{"val_loss":2.3025850929938976,"train_loss":2.302585092995243,"_wandb":{"runtime":56},"train_acc":0.10015555555555555,"val_acc":0.09566666666666666,"_step":98,"epoch":2,"_timestamp":1.7414442084293544e+09,"_runtime":55.863233781}