{"train_loss":0.089936859229549,"train_acc":0.25,"_wandb":{"runtime":6},"val_loss":0.08992663052857262,"val_acc":0.16766666666666666,"_timestamp":1.742099260997011e+09,"_runtime":6.140353399,"_step":32}