{"val_loss":12.744180290052046,"val_acc":0.097,"_timestamp":1.7419471890201278e+09,"_runtime":14.547485391,"_step":192,"train_loss":2.425837642072884,"train_acc":0.0625,"_wandb":{"runtime":14}}