{"_step":3369,"_wandb":{"runtime":178},"val_loss":2.2657220885409286,"train_acc":0.26635756676557865,"_runtime":178.599767822,"epoch":10,"train_loss":2.2709796875161654,"val_acc":0.2718333333333333,"_timestamp":1.741543422608117e+09}