{"_timestamp":1.7418900899980268e+09,"_runtime":13.341896276,"_step":159,"train_loss":0.36652351084859575,"_wandb":{"runtime":13},"train_acc":0.84375,"val_loss":0.4362108176751575,"val_acc":0.851}