{"val_loss":1.9868087681430544,"val_acc":0.21466666666666667,"_timestamp":1.7420546994287312e+09,"_runtime":53.33889098,"_step":79,"train_loss":2.0329057621825792,"_wandb":{"runtime":53},"train_acc":0.265625}