{"val_loss":0.5543825927216394,"train_acc":0.8135571216617211,"_timestamp":1.7414804923813632e+09,"_runtime":339.785430153,"_step":1684,"train_loss":0.5425935241674354,"epoch":5,"val_acc":0.8061666666666667,"_wandb":{"runtime":339}}