{"_wandb":{"runtime":99},"_step":159,"train_loss":0.01788704489880265,"train_acc":0.8125,"val_loss":0.02448505197918343,"val_acc":0.8371666666666666,"_timestamp":1.742068499230588e+09,"_runtime":99.504415611}