{"_runtime":17.781728325,"_step":39,"_wandb":{"runtime":18},"train_loss":0.6217984993148662,"train_acc":0.796875,"val_loss":0.6667080959883973,"val_acc":0.7798333333333334,"_timestamp":1.742054722494721e+09}