{"val_loss":0.022111731656414432,"val_acc":0.847,"_wandb":{"runtime":56},"_timestamp":1.7420682445309546e+09,"_runtime":56.254887126,"_step":79,"train_loss":0.023027539357822424,"train_acc":0.828125}