{"val_loss":0.37579493915896806,"val_acc":0.8648333333333333,"_timestamp":1.7420548104117365e+09,"_runtime":9.795138068,"_step":39,"_wandb":{"runtime":9},"train_loss":0.22528597407986167,"train_acc":0.921875}