{"_step":39,"train_loss":0.5415624320905357,"train_acc":0.84375,"val_loss":0.6149134370962225,"val_acc":0.7871666666666667,"_wandb":{"runtime":9},"_timestamp":1.7418900435232298e+09,"_runtime":9.605695902}