{"_runtime":33.445028149,"_step":79,"train_loss":0.03253508869175603,"train_acc":0.828125,"val_loss":0.03483475874222238,"_wandb":{"runtime":33},"val_acc":0.7746666666666666,"_timestamp":1.7420678928584085e+09}