{"val_acc":0.8715,"_runtime":3970.156336166,"_step":3369,"epoch":10,"val_loss":0.3526338616318994,"_wandb":{"runtime":3970},"train_loss":0.29891352979398217,"_timestamp":1.741490724235956e+09,"train_acc":0.8921364985163205}