{"_runtime":29.127742065,"_step":164,"train_loss":0.2502800992468408,"train_acc":0.875,"val_loss":0.41175662821117476,"val_acc":0.8545,"_timestamp":1.742054787323741e+09,"_wandb":{"runtime":29}}