{"val_acc":0.8056666666666666,"_timestamp":1.7419456993708565e+09,"_wandb":{"runtime":6},"_runtime":6.932753919,"_step":82,"train_loss":0.02655472586754174,"train_acc":0.890625,"val_loss":0.0275419770658255}