{"_step":159,"CE Train Acc":0.84375,"MSE Val Acc":0.8421666666666666,"_wandb":{"runtime":38},"CE Train Loss":0.4408289767023744,"_timestamp":1.7421292879289293e+09,"CE Val Loss":0.42013048611224363,"_runtime":35.91005067,"MSE Train Loss":0.023778073757541665,"MSE Train Acc":0.828125,"CE Val Acc":0.8498333333333333,"MSE Val Loss":0.022508037256694886}