{"val_loss":0.4160039196523012,"val_acc":0.8581666666666666,"_timestamp":1.7420550993931105e+09,"_runtime":10.360741236,"_step":79,"_wandb":{"runtime":10},"train_loss":0.6260850135572313,"train_acc":0.875}