{"_timestamp":1.7414558197318156e+09,"_step":107,"epoch":1,"_runtime":102.250593844,"val_loss":0.6414269667448501,"train_acc":0.7541612903225806,"val_acc":0.8093333333333333,"_wandb":{"runtime":102},"train_loss":0.740057670009965}