{"_runtime":342.76242808,"_step":539,"train_loss":0.29085582879225574,"_timestamp":1.7414446739183428e+09,"_wandb":{"runtime":342},"val_loss":0.3739909256383328,"val_acc":0.8755,"train_acc":0.8926666666666667,"epoch":10}