{"train_acc":0.1875,"val_loss":0.09021152276154125,"val_acc":0.1125,"_timestamp":1.7420988865611563e+09,"_runtime":20.406643472,"_step":79,"train_loss":0.09011048071804004,"_wandb":{"runtime":20}}