{"train_loss":0.28626062794926205,"train_acc":0.9375,"val_loss":0.38164259309433296,"val_acc":0.8663333333333333,"_timestamp":1.7420551962588677e+09,"_runtime":11.081499837,"_step":79,"_wandb":{"runtime":11}}