{"_timestamp":1.7420978167791984e+09,"_runtime":230.051308633,"_wandb":{"runtime":231},"_step":159,"train_loss":0.0925973514855019,"train_acc":0,"val_loss":0.09120173837244792,"val_acc":0.09866666666666667}