{"val_loss":0.4200006854173376,"_wandb":{"runtime":9},"val_acc":0.8563333333333333,"_timestamp":1.7422206503786106e+09,"_runtime":8.937294397,"_step":79,"train_loss":0.3861708554353468,"train_acc":0.796875}