{"_wandb":{"runtime":35},"train_loss":0.175,"train_acc":0.125,"val_loss":0.12089224434176227,"val_acc":0.107,"_timestamp":1.7419448076857896e+09,"_runtime":35.262359425,"_step":114}