{"_timestamp":1.7414867459811382e+09,"_runtime":118.411550147,"_step":419,"epoch":5,"train_acc":0.8866257440476191,"_wandb":{"runtime":118},"val_loss":0.32880912044481975,"train_loss":0.30933282832614234,"val_acc":0.8808333333333334}