{"_wandb":{"runtime":87},"train_acc":0.859375,"val_loss":0.022784289390959344,"val_acc":0.8415,"_timestamp":1.7420702600711567e+09,"_runtime":87.574227582,"_step":79,"train_loss":0.021080696608702744}