{"_wandb":{"runtime":20},"_runtime":20.234827754,"_step":79,"train_loss":0.09879422539393592,"train_acc":0.1875,"val_loss":0.0987102230600568,"val_acc":0.09566666666666666,"_timestamp":1.7420988589105244e+09}