{"_wandb":{"runtime":147},"_timestamp":1.742099423813154e+09,"_runtime":147.247681476,"_step":159,"train_loss":0.06467507302168299,"train_acc":0.40625,"val_loss":0.06293697334883926,"val_acc":0.4255}