{"_wandb":{"runtime":91},"train_loss":0.09008857880633112,"train_acc":0.1875,"val_loss":0.09584173897735258,"val_acc":0.0995,"_timestamp":1.74209878139409e+09,"_runtime":91.083014464,"_step":79}