{"_step":839,"val_loss":462.353738163717,"val_acc":0.8768333333333334,"epoch":5,"_runtime":95.764162413,"train_loss":0.32697553957199543,"train_acc":0.8818266369047619,"_timestamp":1.7415426635133393e+09,"_wandb":{"runtime":95}}