{"_runtime":5.910969054,"_wandb":{"runtime":6},"_step":39,"train_loss":0.6057304571194972,"train_acc":0.859375,"val_loss":0.40923135669984456,"val_acc":0.8588333333333333,"_timestamp":1.7420549494090102e+09}