{"_timestamp":1.7420551263305798e+09,"_runtime":21.127098207,"_wandb":{"runtime":21},"_step":164,"train_loss":0.23870495873530773,"train_acc":0.9375,"val_loss":0.4922567272740632,"val_acc":0.8313333333333334}