{"Train Loss":0.01676524046422278,"_wandb":{"runtime":64},"Train Acc":1,"Val Loss":0.15727931859851205,"Val Acc":0.9613333333333334,"_timestamp":1.7421311339527347e+09,"_runtime":64.152380071,"_step":79}