{"_wandb":{"runtime":66},"train_loss":0.0241052953863894,"train_acc":0.875,"val_loss":0.020791751784509947,"val_acc":0.8568333333333333,"_timestamp":1.7420683921347482e+09,"_runtime":66.222336154,"_step":79}