{"val_loss":0.06624081754996801,"val_acc":0.3948333333333333,"_wandb":{"runtime":28},"_timestamp":1.7420984900230708e+09,"_runtime":28.262458645,"_step":79,"train_loss":0.06440118908830508,"train_acc":0.453125}