{"_runtime":6.08474416,"_step":39,"train_loss":0.41174797545234076,"_wandb":{"runtime":6},"train_acc":0.84375,"val_loss":0.4475180599187588,"val_acc":0.8433333333333334,"_timestamp":1.7420549279584045e+09}