{"val_loss":0.4365435259032302,"val_acc":0.848,"_timestamp":1.7420553645477898e+09,"_runtime":21.606151075,"_step":79,"train_loss":0.3985604919530428,"train_acc":0.84375,"_wandb":{"runtime":21}}