{"train_loss":0.2517723061494418,"val_loss":0.258174305667207,"_step":1684,"train_acc":0.8661350148367952,"_timestamp":1.7415113947595284e+09,"_wandb":{"runtime":416},"_runtime":416.88086607,"epoch":5,"val_acc":0.8623333333333333}