{"_runtime":9.699719812,"_step":39,"train_loss":0.42710149812256304,"_wandb":{"runtime":9},"train_acc":0.859375,"val_loss":0.4357654730907514,"val_acc":0.8468333333333333,"_timestamp":1.7418895137021906e+09}