{"_wandb":{"runtime":28},"_timestamp":1.7418896634658437e+09,"_runtime":28.80579924,"_step":159,"train_loss":0.26288863713336097,"train_acc":0.9375,"val_loss":0.4504199587911186,"val_acc":0.8661666666666666}