{"_wandb":{"runtime":306},"train_acc":0.8801075268817204,"_step":1533,"train_loss":30.82646989002445,"_runtime":306.550327921,"val_loss":29.162112991009323,"val_acc":0.8733333333333333,"epoch":5,"_timestamp":1.741510751774922e+09}