{"val_acc":0.8585,"val_loss":0.38166543964013777,"_step":839,"_timestamp":1.7415069300887887e+09,"train_loss":0.37186626625604435,"train_acc":0.8637834821428572,"_wandb":{"runtime":138},"_runtime":138.628508454,"epoch":5}