{"val_loss":2.3039571169052464,"val_acc":0.1015,"_timestamp":1.7418902733339396e+09,"_wandb":{"runtime":40},"_runtime":40.755122345,"_step":159,"train_loss":2.3007664991577363,"train_acc":0.15625}