{"_timestamp":1.7414861537293491e+09,"train_loss":2.2996174756732795,"val_acc":0.20866666666666667,"_wandb":{"runtime":3691},"train_acc":0.20751112759643917,"val_loss":2.294981818553232,"_step":3369,"_runtime":3691.451735962,"epoch":10}