{"_step":79,"train_loss":0.387754426354596,"train_acc":0.9375,"_wandb":{"runtime":13},"val_loss":0.38735391412082737,"val_acc":0.8591666666666666,"_timestamp":1.741890225174172e+09,"_runtime":13.735782482}