{"val_loss":0.4508701418213576,"val_acc":0.8473333333333334,"_timestamp":1.742054755041492e+09,"_runtime":12.231705289,"_step":79,"train_loss":0.4596476286323904,"train_acc":0.78125,"_wandb":{"runtime":12}}