{"_wandb":{"runtime":128},"train_acc":0.8172061011904762,"epoch":5,"_runtime":128.716908327,"train_loss":0.4996429497849175,"val_loss":0.49769319199437617,"val_acc":0.8246666666666667,"_timestamp":1.7415424414171097e+09,"_step":419}