{"val_acc":0.8296666666666667,"_timestamp":1.741889231094423e+09,"_runtime":22.503679256,"_step":164,"_wandb":{"runtime":22},"train_loss":0.4164194650840193,"train_acc":0.875,"val_loss":0.4899833241914627}