{"epoch":10,"train_acc":0.8793898809523809,"train_loss":0.3293479068683815,"_runtime":375.664563589,"val_loss":0.41766250112529024,"val_acc":0.857,"_step":1679,"_timestamp":1.7415009400628512e+09,"_wandb":{"runtime":375}}