{"train_loss":2.2980374182689154,"train_acc":0.09895652173913043,"_step":2182,"_timestamp":1.7414439742988687e+09,"val_acc":0.09566666666666666,"_runtime":564.451222446,"_wandb":{"runtime":564},"epoch":1,"val_loss":2.3025850929938976}