{"val_acc":0.563,"_timestamp":1.7414468948594475e+09,"val_loss":1.2441676849695742,"_step":260,"train_acc":0.4299375,"_runtime":164.320641231,"epoch":2,"_wandb":{"runtime":164},"train_loss":1.60981295039762}