{"_wandb":{"runtime":7},"train_acc":0.796875,"val_loss":0.5805694369282319,"val_acc":0.7868333333333334,"_timestamp":1.7420553166539338e+09,"_runtime":6.986274929,"_step":39,"train_loss":0.4906948898106058}