{"_wandb":{"runtime":35},"val_acc":0.09933333333333333,"_timestamp":1.7420990707543619e+09,"_runtime":34.865950172,"_step":159,"train_loss":0.09178875852778841,"train_acc":0.1875,"val_loss":0.09201220476453562}