{"val_acc":0.7981666666666667,"_timestamp":1.742068108690118e+09,"_runtime":58.309173316,"_wandb":{"runtime":58},"_step":79,"train_loss":0.02597585812745783,"train_acc":0.796875,"val_loss":0.028567820912633574}