{"_runtime":700.325567119,"_step":8622,"train_loss":0.03127789129724158,"train_acc":0.75,"val_loss":0.024366446448905274,"val_acc":0.8345,"_timestamp":1.7419455591401393e+09,"_wandb":{"runtime":700}}