{"_runtime":61.714014222,"_step":79,"Train Loss":0.022167998616436164,"Train Acc":1,"Val Loss":0.12398741231214631,"_wandb":{"runtime":61},"Val Acc":0.9643333333333334,"_timestamp":1.7421309825745578e+09}