{"val_loss":0.021661824145246675,"val_acc":0.8423333333333334,"_timestamp":1.7420689942994692e+09,"_runtime":48.060569183,"_step":79,"train_loss":0.02044945272646371,"train_acc":0.890625,"_wandb":{"runtime":48}}