{"epoch":3,"train_acc":0.09878260869565217,"train_loss":2.302585092993449,"_timestamp":1.7414440977206938e+09,"_step":130,"val_loss":2.3025850929938976,"_runtime":73.59494973,"_wandb":{"runtime":74},"val_acc":0.09566666666666666}