{"test_loss":2.3030170141144586,"test_acc":0.1,"train_acc":0.0995907738095238,"_runtime":167.927600202,"_step":1679,"_wandb":{"runtime":167},"train_loss":2.3028782327619925,"_timestamp":1.7415469993417866e+09,"val_loss":2.3030251233684558,"val_acc":0.09933333333333333}