{"train_loss":0.03211895880548961,"train_acc":0.765625,"val_loss":0.028066278196412976,"val_acc":0.7973333333333333,"_timestamp":1.7420683119202776e+09,"_runtime":60.08785576,"_step":79,"_wandb":{"runtime":60}}