{"val_acc":0.8711666666666666,"_timestamp":1.742055502936631e+09,"_runtime":21.849051927,"_step":159,"_wandb":{"runtime":21},"train_loss":0.6607861056623613,"train_acc":0.75,"val_loss":0.3953307641887229}