{"_timestamp":1.7415115369968374e+09,"train_loss":1.7798401730997235,"val_acc":0.5491666666666667,"val_loss":1.7195310109368154,"_wandb":{"runtime":136},"epoch":5,"_runtime":136.382834282,"_step":839,"train_acc":0.5399925595238095}