{"_timestamp":1.7420973194701295e+09,"_runtime":24.294373236,"_wandb":{"runtime":24},"_step":79,"train_loss":0.035222773623337714,"train_acc":0.765625,"val_loss":0.038282881853674955,"val_acc":0.7123333333333334}