{"val_acc":0.8611666666666666,"_timestamp":1.7420550410747821e+09,"_runtime":11.529940525,"_wandb":{"runtime":11},"_step":79,"train_loss":0.46925720563553974,"train_acc":0.8125,"val_loss":0.40005796231170826}