{"_runtime":11.215776047,"_wandb":{"runtime":11},"_step":79,"train_loss":0.3936346345580901,"train_acc":0.90625,"val_loss":0.5042554467297361,"val_acc":0.8256666666666667,"_timestamp":1.7420549170149808e+09}