{"val_acc":0.8321666666666667,"_timestamp":1.7422205687369304e+09,"_runtime":6.080716196,"_step":39,"_wandb":{"runtime":6},"train_loss":0.31842496656811076,"train_acc":0.921875,"val_loss":0.48676372754592784}