{"train_loss":0.09156944009690846,"train_acc":0.0625,"val_loss":0.09083540919238993,"val_acc":0.09616666666666666,"_timestamp":1.7420988981399934e+09,"_runtime":6.149646571,"_wandb":{"runtime":6},"_step":32}