{"test_acc":0.6544,"train_acc":0.6518830128205129,"train_loss":1.0216561930627488,"_step":413,"_wandb":{"runtime":70},"val_loss":0.9657712191678608,"test_loss":0.9768597100795183,"val_acc":0.6638333333333334,"_runtime":70.276824302,"_timestamp":1.7415439516248806e+09}