{"train_acc":0.7244419642857143,"val_acc":0.7421666666666666,"epoch":5,"_wandb":{"runtime":123},"_runtime":122.962226229,"val_loss":0.7183349870855322,"_step":419,"train_loss":0.7523831216320095,"_timestamp":1.7414864817052572e+09}