{"val_acc":0.842,"_wandb":{"runtime":316},"_timestamp":1.7414814043968365e+09,"_runtime":316.813754207,"_step":1684,"epoch":5,"val_loss":0.3995133452479998,"train_loss":0.3651830806387272,"train_acc":0.8680637982195846}