{"val_loss":0.39836071123019384,"val_acc":0.8608333333333333,"_timestamp":1.7420546429797478e+09,"_runtime":18.309410635,"_step":164,"train_loss":0.6522143667870066,"_wandb":{"runtime":18},"train_acc":0.75}