{"_step":159,"_wandb":{"runtime":32},"train_loss":0.11860083353567495,"train_acc":0.96875,"val_loss":0.3763059195613725,"val_acc":0.8721666666666666,"_timestamp":1.7418901803015957e+09,"_runtime":32.78801166}