{"val_loss":NaN,"val_acc":0.10416666666666667,"_timestamp":1.7420971908221238e+09,"_runtime":10.829586211,"_step":14,"train_loss":NaN,"train_acc":0.0625,"_wandb":{"runtime":10}}