{"val_loss":0.026812953298804745,"val_acc":0.8186666666666667,"_timestamp":1.7420991149612765e+09,"_runtime":31.943593745,"_wandb":{"runtime":32},"_step":39,"train_loss":0.026059421758232067,"train_acc":0.796875}