{"_wandb":{"runtime":145},"val_loss":2.3053200034193133,"test_loss":2.3064529168795844,"test_acc":0.1,"_runtime":145.040237231,"train_loss":2.307882888265244,"_timestamp":1.7415471505131905e+09,"_step":419,"val_acc":0.10366666666666667,"train_acc":0.09964657738095238}