{"train_acc":0.109375,"val_loss":2.303281513901173,"val_acc":0.10583333333333333,"_timestamp":1.7420971043991797e+09,"_runtime":23.704947434,"_step":49,"train_loss":2.3004393758791757,"_wandb":{"runtime":23}}