{"_step":39,"Train Loss":0.03713343398841941,"Train Acc":0.9921875,"_wandb":{"runtime":55},"Val Loss":0.12124833269856423,"Val Acc":0.9678333333333333,"_timestamp":1.7421311930732324e+09,"_runtime":54.875427772}