{"val_acc":0.10466666666666667,"_timestamp":1.7418894122870414e+09,"_runtime":13.628041518,"_step":79,"_wandb":{"runtime":13},"train_loss":NaN,"train_acc":0.125,"val_loss":NaN}