{"_runtime":20.248973848,"_step":140,"train_loss":0.15,"train_acc":0.0625,"val_loss":0.10498888762498441,"val_acc":0.114,"_wandb":{"runtime":20},"_timestamp":1.7419439526055007e+09}