{"_step":79,"train_loss":0.29452131655335234,"train_acc":0.890625,"val_loss":0.4978663748641887,"_wandb":{"runtime":10},"val_acc":0.8241666666666667,"_timestamp":1.7422206297346737e+09,"_runtime":10.282891011}