{"_wandb":{"runtime":84},"_step":329,"train_loss":0.028446486937113526,"train_acc":0.875,"val_loss":0.030054072469361964,"val_acc":0.7981666666666667,"_timestamp":1.741944766806131e+09,"_runtime":84.501586878}