{"MSE Val Loss":0.022419134821212928,"MSE Val Acc":0.8448333333333333,"_timestamp":1.7421283896310048e+09,"_runtime":18.996367342,"_step":79,"MSE Train Loss":0.01698525435427628,"MSE Train Acc":0.859375,"_wandb":{"runtime":19}}