{"_step":39,"train_loss":2.3134579297024365,"train_acc":0.078125,"val_loss":2.303606476465074,"val_acc":0.10216666666666667,"_wandb":{"runtime":8},"_timestamp":1.7420552317317216e+09,"_runtime":8.157001341}