{"_step":539,"_wandb":{"runtime":743},"train_loss":0.23409343016057416,"_runtime":743.429715706,"_timestamp":1.7414601043466473e+09,"val_acc":0.8733333333333333,"epoch":10,"train_acc":0.9141481481481482,"val_loss":0.35079219010019935}