{"Train Loss":0.011423390319875684,"Train Acc":1,"Val Loss":0.11656987285857989,"Val Acc":0.9725,"_wandb":{"runtime":101},"_timestamp":1.7421306490959647e+09,"_runtime":101.16707442,"_step":79}