{"Val Loss":0.12446299384478207,"Val Acc":0.965,"_timestamp":1.742131258040382e+09,"_runtime":61.619888273,"_step":39,"_wandb":{"runtime":61},"Train Loss":0.021009551524987506,"Train Acc":0.9921875}