{"_runtime":14.79870799,"_step":39,"train_loss":0.2221705335629099,"train_acc":0.953125,"val_loss":0.4055488175405825,"val_acc":0.858,"_wandb":{"runtime":14},"_timestamp":1.7420554417761645e+09}