{"_wandb":{"runtime":11},"val_loss":0.03307482907822935,"val_acc":0.8023333333333333,"_timestamp":1.7420979718528717e+09,"_runtime":11.185579455,"_step":32,"train_loss":0.015307480915422158,"train_acc":0.9375}