{"_timestamp":1.7420971718799107e+09,"_runtime":50.313492386,"_wandb":{"runtime":50},"_step":79,"train_loss":NaN,"train_acc":0.125,"val_loss":NaN,"val_acc":0.09916666666666667}