{"train_loss":0.5958063225097396,"train_acc":0.6875,"val_loss":0.4346967734735237,"val_acc":0.8488333333333333,"_timestamp":1.742054887239469e+09,"_runtime":18.399205489,"_step":164,"_wandb":{"runtime":18}}