{"_timestamp":1.742098585521572e+09,"_runtime":59.886863482,"_step":159,"train_loss":0.07624544185934759,"_wandb":{"runtime":60},"train_acc":0.5,"val_loss":0.07787729001098627,"val_acc":0.4}