{"_step":79,"_wandb":{"runtime":18},"train_loss":2.3011991356821397,"train_acc":0.125,"val_loss":2.302652475502767,"val_acc":0.09883333333333333,"_timestamp":1.742054277160542e+09,"_runtime":18.091901426}