{"val_acc":0.08833333333333333,"_wandb":{"runtime":22},"_timestamp":1.7418896293539727e+09,"_runtime":22.044551747,"_step":39,"train_loss":31.83951307468873,"train_acc":0.109375,"val_loss":3.835753635959481}