{"_runtime":43.402553054,"_timestamp":1.7415032252414393e+09,"_wandb":{"runtime":44},"_step":19,"val_loss":1.7619989408172272,"train_loss":1.9610129169983859,"train_acc":0.21703125,"val_acc":0.19216666666666668,"epoch":1}