{"train_loss":0.331755505950199,"train_acc":0.90625,"_wandb":{"runtime":14},"val_loss":0.38260749117393544,"val_acc":0.8623333333333333,"_timestamp":1.7420552157149975e+09,"_runtime":14.204544054,"_step":79}