{"val_loss":31.124697354471166,"val_acc":0.09866666666666667,"_timestamp":1.7418901424316802e+09,"_runtime":22.622557581,"_wandb":{"runtime":22},"_step":159,"train_loss":18.521047996819267,"train_acc":0.03125}