{"val_loss":0.363826701955585,"val_acc":0.8666666666666667,"_timestamp":1.7421848962058907e+09,"_runtime":37.347723225,"_step":159,"train_loss":0.3051884010531296,"train_acc":0.9375,"_wandb":{"runtime":38}}