{"_runtime":16.604688953,"_step":79,"train_loss":0.11738178937046631,"train_acc":0.96875,"val_loss":0.3836029682826012,"val_acc":0.86,"_wandb":{"runtime":17},"_timestamp":1.7421509529017816e+09}