{"_wandb":{"runtime":204},"val_loss":2.278199489696637,"train_acc":0.36493055555555554,"val_acc":0.39066666666666666,"_timestamp":1.741503696665886e+09,"_runtime":203.988242151,"_step":512,"epoch":4,"train_loss":2.2785678560405547}