{"_step":164,"_wandb":{"runtime":34},"train_loss":0.7658149077566723,"train_acc":0.8125,"val_loss":0.7060446181943244,"val_acc":0.7618333333333334,"_timestamp":1.741889491713039e+09,"_runtime":34.276186117}