{"_wandb":{"runtime":7},"_runtime":7.878765889,"_step":39,"train_loss":0.4666573686720284,"train_acc":0.8125,"val_loss":0.4901624858869479,"val_acc":0.8291666666666667,"_timestamp":1.7420554568596375e+09}