{"Train Loss":0.011614588661209171,"Train Acc":1,"Val Loss":0.0965204052642923,"Val Acc":0.9746666666666667,"_timestamp":1.7421305336349072e+09,"_wandb":{"runtime":130},"_runtime":128.914223858,"_step":105}