{"_wandb":{"runtime":28},"_timestamp":1.7418895549444842e+09,"_runtime":28.018333162,"_step":329,"train_loss":0.7996173936644149,"train_acc":0.625,"val_loss":0.5750613874716057,"val_acc":0.7971666666666667}