{"_runtime":12.396534858,"_step":79,"train_loss":0.18325109330769926,"train_acc":0.953125,"_wandb":{"runtime":12},"val_loss":0.43058447612743905,"val_acc":0.8518333333333333,"_timestamp":1.7420553818858874e+09}