{"_runtime":7.744559112,"_wandb":{"runtime":7},"_step":39,"train_loss":0.30494431676972356,"train_acc":0.90625,"val_loss":0.4729043761638162,"val_acc":0.8331666666666667,"_timestamp":1.7418895672675476e+09}