{"train_loss":0.341210859685996,"train_acc":0.8750930059523809,"val_acc":0.8626666666666667,"_runtime":125.860114785,"_wandb":{"runtime":125},"_timestamp":1.7414912636503098e+09,"_step":419,"val_loss":0.38060813840868984,"epoch":5}