{"val_loss":0.5169923280769639,"_wandb":{"runtime":12},"val_acc":0.8191666666666667,"_timestamp":1.7420547384526684e+09,"_runtime":12.458844203,"_step":79,"train_loss":0.4500715678942084,"train_acc":0.8125}