{"Val Acc":0.9716666666666667,"_timestamp":1.7421307625738199e+09,"_runtime":109.688600365,"_step":79,"_wandb":{"runtime":110},"Train Loss":0.006028539264007886,"Train Acc":1,"Val Loss":0.14206677138718662}