{"_runtime":69.582448079,"_step":79,"_wandb":{"runtime":69},"train_loss":0.022539425215807214,"train_acc":0.828125,"val_loss":0.02247104608533327,"val_acc":0.8365,"_timestamp":1.7420699296325028e+09}