{"train_loss":2.1542430743906977,"_runtime":113.443913759,"_step":419,"val_loss":2.1380355385556284,"train_acc":0.2158482142857143,"val_acc":0.2405,"_timestamp":1.7415005566285665e+09,"epoch":5,"_wandb":{"runtime":113}}