{"_step":127,"_wandb":{"runtime":38},"train_loss":0.3984178381711203,"train_acc":0.875,"val_loss":0.5440651664698758,"val_acc":0.8068333333333333,"_timestamp":1.7421518329284675e+09,"_runtime":38.43544983}