{"val_acc":0.8478333333333333,"_timestamp":1.7420686968200204e+09,"_runtime":47.499811942,"_step":79,"train_loss":0.015236638601448745,"train_acc":0.859375,"val_loss":0.021518765949222154,"_wandb":{"runtime":47}}