{"_runtime":10.35640671,"_wandb":{"runtime":10},"_step":79,"train_loss":0.3632862052554281,"train_acc":0.90625,"val_loss":0.38067121757500777,"val_acc":0.8656666666666667,"_timestamp":1.7420548276531937e+09}