{"_step":539,"_timestamp":1.7414562838524592e+09,"val_acc":0.8506666666666667,"val_loss":0.9319830894950119,"_wandb":{"runtime":437},"train_loss":0.9029052548121356,"_runtime":437.389719846,"epoch":10,"train_acc":0.8542962962962963}