{"_step":839,"train_loss":0.6449738832304787,"epoch":10,"_wandb":{"runtime":236},"train_acc":0.7788690476190476,"val_acc":0.7816666666666666,"_timestamp":1.741482456710371e+09,"_runtime":236.54182885,"val_loss":0.6340421651112632}