{"_wandb":{"runtime":148},"_timestamp":1.7420975818829477e+09,"_runtime":147.70687596,"_step":79,"train_loss":0.01088155870226585,"train_acc":0.9375,"val_loss":0.01782383766101843,"val_acc":0.8735}