{"_step":1503,"train_acc":0.8798477564102564,"epoch":5,"_wandb":{"runtime":283},"val_loss":0.364361049705044,"_timestamp":1.7415026297213707e+09,"_runtime":283.411491732,"val_acc":0.869,"train_loss":0.33107218950080275}