{"train_loss":0.4111443711324057,"train_acc":0.8600694444444444,"val_loss":0.42483730864783875,"epoch":8,"_runtime":177.699850891,"_timestamp":1.7414809705409079e+09,"_wandb":{"runtime":177},"_step":596,"val_acc":0.8518333333333333}