{"val_acc":0.052833333333333336,"_wandb":{"runtime":49},"_timestamp":1.741890003022098e+09,"_runtime":49.008492407,"_step":159,"train_loss":21.905858563063713,"train_acc":0.0625,"val_loss":2.924000058997422}