{"val_acc":0.1045,"_runtime":210.497105869,"epoch":5,"val_loss":2.306079189244158,"_timestamp":1.7415436395359273e+09,"train_acc":0.09842359050445104,"_wandb":{"runtime":210},"_step":1684,"train_loss":2.303196457640057}