{"epoch":3,"val_acc":0.865,"_timestamp":1.7415031356276436e+09,"_step":499,"train_loss":0.1080607765461611,"train_acc":0.8554115853658537,"val_loss":0.07115336335388105,"_runtime":415.95930912,"_wandb":{"runtime":416}}