{"val_loss":0.07114145206237824,"_wandb":{"runtime":12},"val_acc":0.5,"_timestamp":1.7420985215428936e+09,"_runtime":12.216566435,"_step":39,"train_loss":0.06997802468663347,"train_acc":0.546875}