{"_step":39,"_wandb":{"runtime":27},"train_loss":0.2933006864681894,"train_acc":0.875,"val_loss":0.3718666980728555,"val_acc":0.8706666666666667,"_timestamp":1.74188945262307e+09,"_runtime":27.603689015}