{"_runtime":17.002904185,"_step":79,"train_loss":0.8338610054312946,"_wandb":{"runtime":17},"train_acc":0.6875,"val_loss":0.8524944131373425,"val_acc":0.724,"_timestamp":1.7420542226241198e+09}