{"val_loss":0.09000754606823416,"val_acc":0.10016666666666667,"_timestamp":1.7420995864978185e+09,"_wandb":{"runtime":56},"_runtime":56.044726074,"_step":159,"train_loss":0.08984217907155673,"train_acc":0.0625}