{"_wandb":{"runtime":52},"train_loss":0.01783492464713936,"train_acc":0.875,"val_loss":0.01967920376196912,"val_acc":0.8673333333333333,"_timestamp":1.742069316706833e+09,"_runtime":51.874060482,"_step":79}