{"_timestamp":1.742055179048093e+09,"_runtime":9.792424543,"_wandb":{"runtime":9},"_step":39,"train_loss":0.2973741245470388,"train_acc":0.859375,"val_loss":0.3524828049728014,"val_acc":0.8753333333333333}