{"_step":1684,"epoch":5,"val_loss":0.8719586891607022,"train_loss":0.9101419808481827,"val_acc":0.7346666666666667,"_wandb":{"runtime":499},"_runtime":498.993904181,"_timestamp":1.7415077956932747e+09,"train_acc":0.7277818991097923}