{"train_loss":0.16249999999999973,"train_acc":0,"val_loss":0.15534808516346343,"val_acc":0.103,"_timestamp":1.7420972830415552e+09,"_runtime":8.62660509,"_step":32,"_wandb":{"runtime":8}}