{"_runtime":13.854949459,"_step":79,"train_loss":0.5717328059322944,"train_acc":0.8125,"val_loss":0.5003854287555212,"_wandb":{"runtime":13},"val_acc":0.8225,"_timestamp":1.7418901162177293e+09}