{"train_acc":0.6875,"_wandb":{"runtime":49},"val_loss":1.2589276765157702,"val_acc":0.5558333333333333,"_timestamp":1.7418897911813092e+09,"_runtime":48.964338704,"_step":159,"train_loss":1.1436549090426111}