{"val_acc":0.8061666666666667,"_timestamp":1.7420694523645911e+09,"_runtime":17.190191603,"_step":39,"_wandb":{"runtime":17},"train_loss":0.02722950829400699,"train_acc":0.828125,"val_loss":0.02622373064577636}