{"_timestamp":1.7420548556579266e+09,"_wandb":{"runtime":22},"_runtime":22.82568698,"_step":164,"train_loss":0.1880120447768675,"train_acc":0.9375,"val_loss":0.41123645872956344,"val_acc":0.8618333333333333}