{"_timestamp":1.741499857095766e+09,"train_loss":0.2569253313040016,"_step":839,"epoch":10,"val_loss":0.3293194057133548,"_runtime":232.185251162,"val_acc":0.8841666666666667,"train_acc":0.9057105654761904,"_wandb":{"runtime":232}}