{"train_acc":0.8125,"val_loss":0.37206006120910295,"val_acc":0.868,"_timestamp":1.7420543515071836e+09,"_runtime":48.149490134,"_step":329,"train_loss":0.47637061655066554,"_wandb":{"runtime":48}}