{"_timestamp":1.7414806505313694e+09,"_wandb":{"runtime":31},"epoch":2,"val_loss":0.7541648785237932,"_runtime":31.079829849,"train_loss":0.8155514625525914,"train_acc":0.6975360576923076,"_step":135,"val_acc":0.7216666666666667}