{"train_loss":2.302573344583641,"val_loss":2.302573560149792,"_runtime":664.193956007,"train_acc":0.15567507418397625,"_timestamp":1.7414946302508264e+09,"_wandb":{"runtime":664},"epoch":10,"_step":3369,"val_acc":0.15116666666666667}