{"_step":32,"train_loss":0.05385038284966809,"_wandb":{"runtime":24},"train_acc":0.5625,"val_loss":0.05759648859710434,"val_acc":0.5203333333333333,"_timestamp":1.7420992308649385e+09,"_runtime":24.255744007}