{"_runtime":324.105042868,"_step":1684,"epoch":5,"train_acc":0.6906342729970326,"val_loss":0.8082841614381244,"train_loss":0.8428985864684233,"_timestamp":1.7414949587761521e+09,"_wandb":{"runtime":324},"val_acc":0.7001666666666667}