{"_step":1684,"train_acc":0.8694176557863501,"epoch":5,"train_loss":0.3595462746956485,"_wandb":{"runtime":328},"val_loss":0.3722702828648194,"_runtime":328.492360826,"_timestamp":1.7415118722747352e+09,"val_acc":0.867}