{"_runtime":11.934090317999999,"_wandb":{"runtime":12},"_step":39,"train_loss":0.46503787863234114,"train_acc":0.875,"val_loss":0.4931088922263973,"val_acc":0.823,"_timestamp":1.7420551434326248e+09}