{"train_loss":0.5295209888882884,"_wandb":{"runtime":238},"_runtime":238.65913434,"val_loss":0.5249566130652039,"_step":839,"epoch":10,"val_acc":0.8186666666666667,"train_acc":0.8159040178571428,"_timestamp":1.7415001013133392e+09}