{"_wandb":{"runtime":112},"val_loss":72.63953969936058,"val_acc":0.7915,"_runtime":112.036731317,"_step":839,"_timestamp":1.7415437570513802e+09,"epoch":10,"train_loss":0.6126199190132566,"train_acc":0.7949776785714285}