{"val_loss":0.02569139505423478,"val_acc":0.8236666666666667,"_timestamp":1.7420685357286522e+09,"_runtime":30.0546574,"_step":39,"_wandb":{"runtime":30},"train_loss":0.034617489830159755,"train_acc":0.765625}