{"_timestamp":1.7418897332845607e+09,"_wandb":{"runtime":25},"_runtime":25.062199654,"_step":79,"train_loss":29.70986967756282,"train_acc":0.078125,"val_loss":12.4656535159618,"val_acc":0.11483333333333333}