{"_timestamp":1.7418902068285558e+09,"_runtime":22.250022602,"_step":39,"train_loss":0.2727007602906528,"train_acc":0.890625,"val_loss":0.4167429023206811,"val_acc":0.8593333333333333,"_wandb":{"runtime":22}}