{"_timestamp":1.7415004366250222e+09,"_runtime":330.866564214,"train_loss":1.9621722871106573,"_step":1684,"val_loss":1.2002194986010963,"epoch":5,"_wandb":{"runtime":330},"val_acc":0.5015,"train_acc":0.26824925816023737}