{"_wandb":{"runtime":26},"_step":39,"train_loss":0.03027386631320081,"train_acc":0.8125,"val_loss":0.02446950165964658,"val_acc":0.8615,"_timestamp":1.7420692220818992e+09,"_runtime":26.24519408}