{"train_loss":0.04741588696164942,"_wandb":{"runtime":36},"train_acc":0.78125,"val_loss":0.05352796500560889,"val_acc":0.655,"_timestamp":1.7419465879957678e+09,"_runtime":36.056478805,"_step":277}