{"_step":39,"train_loss":0.018920088306214018,"train_acc":0.890625,"_wandb":{"runtime":26},"val_loss":0.025286972812778006,"val_acc":0.8325,"_timestamp":1.7420972476602924e+09,"_runtime":25.969653493}