{"_runtime":13.504004871,"_step":164,"train_loss":0.5856220568384742,"train_acc":0.8125,"val_loss":0.4910212403680574,"val_acc":0.8305,"_wandb":{"runtime":13},"_timestamp":1.7420550597567997e+09}