{"_step":79,"_wandb":{"runtime":34},"train_loss":0.03299715541438141,"train_acc":0.859375,"val_loss":0.03581142448058711,"val_acc":0.786,"_timestamp":1.7420679309994273e+09,"_runtime":34.196485182}