{"train_loss":0.022071293574817873,"train_acc":0.859375,"_wandb":{"runtime":54},"val_loss":0.022887238732767646,"val_acc":0.8446666666666667,"_timestamp":1.7420677866695457e+09,"_runtime":53.99249024,"_step":79}