{"_runtime":46.656979862,"_wandb":{"runtime":46},"_step":159,"train_loss":0.09003479593885957,"train_acc":0.09375,"val_loss":0.08999807487838658,"val_acc":0.10783333333333334,"_timestamp":1.7420992004258091e+09}