{"val_loss":0.5333109125671847,"_wandb":{"runtime":22},"val_acc":0.8106666666666666,"_timestamp":1.741890029430411e+09,"_runtime":21.991701921,"_step":79,"train_loss":0.49817045206904176,"train_acc":0.8125}