{"train_loss":0.3615361571404232,"train_acc":0.8729413946587538,"val_loss":0.38246875685394205,"val_acc":0.8706666666666667,"_runtime":73.80805192,"_step":1684,"_wandb":{"runtime":73},"_timestamp":1.7415427797892935e+09,"epoch":5}