{"train_acc":0.90625,"val_loss":0.021123415778509888,"val_acc":0.8645,"_timestamp":1.7420691887971046e+09,"_runtime":25.528803733,"_step":39,"train_loss":0.014080345985569665,"_wandb":{"runtime":25}}