{"_wandb":{"runtime":19},"val_acc":0.583,"_timestamp":1.741506490403346e+09,"epoch":1,"_runtime":18.203042593,"val_loss":1.0746507290976561,"train_loss":1.7221249299476176,"_step":2,"train_acc":0.35208333333333336}