{"_runtime":34.237535757,"_step":159,"_wandb":{"runtime":34},"train_loss":{"MSE Mean Squared Error":0.027495692155964556,"CE Cross Entropy Loss":0.3766510103273608},"validation_loss":{"CE Cross Entropy Loss":0.4160904413916525,"MSE Mean Squared Error":0.022416615478252536},"train_accuracy":{"MSE Mean Squared Error":0.78125,"CE Cross Entropy Loss":0.796875},"validation_accuracy":{"CE Cross Entropy Loss":0.8561666666666666,"MSE Mean Squared Error":0.842},"_timestamp":1.742129126805098e+09}