{"_step":79,"_wandb":{"runtime":10},"train_loss":0.20143349434559785,"train_acc":0.9375,"val_loss":0.4076997227512167,"val_acc":0.8558333333333333,"_timestamp":1.7422206797561e+09,"_runtime":10.139981924}