{"train_acc":0.796875,"val_loss":0.025752685814185074,"val_acc":0.8221666666666667,"_timestamp":1.7420698180384974e+09,"_runtime":59.561011324,"_step":79,"train_loss":0.022878582240115148,"_wandb":{"runtime":59}}