{"_wandb":{"runtime":83},"_step":79,"train_loss":0.02242198039077567,"train_acc":0.875,"val_loss":0.021901717101184107,"val_acc":0.8456666666666667,"_timestamp":1.7420703510054753e+09,"_runtime":83.537318729}