{"_runtime":121.843845862,"_step":419,"epoch":5,"train_loss":1.8469447936869674,"val_loss":1.8022979552911718,"val_acc":0.382,"_timestamp":1.7414913899884458e+09,"_wandb":{"runtime":121},"train_acc":0.3703311011904762}