{"val_acc":0.21633333333333332,"_timestamp":1.74209799929552e+09,"_runtime":5.310049011,"_step":32,"train_loss":0.08123946599388898,"train_acc":0.375,"_wandb":{"runtime":5},"val_loss":0.0814014272098214}