{"_step":39,"_wandb":{"runtime":7},"train_loss":0.3755352256645863,"train_acc":0.84375,"val_loss":0.3990398322042832,"val_acc":0.8628333333333333,"_timestamp":1.7420545673728588e+09,"_runtime":7.509323601}