{"train_acc":0.90625,"val_loss":0.39762116228962424,"val_acc":0.8581666666666666,"_timestamp":1.7420555688166337e+09,"_runtime":14.631076989,"_step":79,"_wandb":{"runtime":14},"train_loss":0.3406326833533907}