{"train_loss":0.5044611877433104,"val_loss":0.5739153664549451,"_wandb":{"runtime":108},"val_acc":0.8241666666666667,"epoch":5,"train_acc":0.8258160237388724,"_runtime":108.810355187,"_timestamp":1.7415425539924948e+09,"_step":1684}