{"_wandb":{"runtime":53},"val_acc":0.829,"_timestamp":1.7420545266149929e+09,"_runtime":53.147326578,"_step":159,"train_loss":0.6775413885915549,"train_acc":0.78125,"val_loss":0.5061883744739637}