{"_step":79,"train_loss":0.02961970788836152,"train_acc":0.78125,"val_loss":0.021649597422211817,"val_acc":0.846,"_wandb":{"runtime":42},"_timestamp":1.742068744901295e+09,"_runtime":42.000687962}