{"_timestamp":1.741482215079058e+09,"_step":3369,"epoch":10,"train_acc":0.9010756676557864,"val_acc":0.8763333333333333,"_wandb":{"runtime":679},"_runtime":679.380584944,"train_loss":0.26802756833178226,"val_loss":0.33789541394212885}