{"train_loss":0.45912041261282377,"train_acc":0.8125,"val_loss":0.39393956187046253,"val_acc":0.8601666666666666,"_timestamp":1.742054251914985e+09,"_runtime":24.910123684,"_step":164,"_wandb":{"runtime":24}}