{"_runtime":5.761957182,"_timestamp":1.741479660921477e+09,"val_acc":0.6015,"epoch":1,"train_acc":0.460625,"val_loss":1.346240886219023,"_wandb":{"runtime":7},"_step":14,"train_loss":1.8325801020138843}