{"val_acc":0.14566666666666667,"_timestamp":1.7420991495518303e+09,"_runtime":27.965875126,"_step":79,"train_loss":0.09009973014205871,"train_acc":0.03125,"_wandb":{"runtime":28},"val_loss":0.08992898566577918}