{"_step":79,"_wandb":{"runtime":14},"train_loss":0.6046640745080303,"train_acc":0.765625,"val_loss":0.4300260520719815,"val_acc":0.8465,"_timestamp":1.74205525386635e+09,"_runtime":14.024695687}