{"_runtime":17.795926876,"_step":79,"_wandb":{"runtime":17},"train_loss":0.026540252122002162,"train_acc":0.828125,"val_loss":0.021343560775872024,"val_acc":0.848,"_timestamp":1.7420979486268208e+09}