{"val_acc":0.8358333333333333,"_timestamp":1.7420983419722574e+09,"_wandb":{"runtime":59},"_runtime":59.812130725,"_step":79,"train_loss":0.013872205265407108,"train_acc":0.90625,"val_loss":0.023107223237467202}