{"train_loss":0.32766240891546417,"train_acc":0.921875,"val_loss":0.4258051207870031,"_wandb":{"runtime":7},"val_acc":0.8541666666666666,"_timestamp":1.742055025641981e+09,"_runtime":6.96716378,"_step":39}