{"_wandb":{"runtime":60},"train_loss":0.015462014733071886,"train_acc":0.875,"val_loss":0.022191633987553316,"val_acc":0.8413333333333334,"_timestamp":1.7420678516899211e+09,"_runtime":60.730544383,"_step":79}