{"_wandb":{"runtime":634},"val_loss":0.3363867526102711,"_timestamp":1.7414579222777212e+09,"train_loss":0.23778172938135092,"val_acc":0.8808333333333334,"_runtime":634.713959503,"_step":539,"epoch":10,"train_acc":0.9137407407407407}