{"_runtime":58.851228453,"_step":79,"train_loss":0.029395416403615388,"train_acc":0.78125,"_wandb":{"runtime":59},"val_loss":0.028804097133810224,"val_acc":0.7913333333333333,"_timestamp":1.742068046103658e+09}