{"train_acc":0.109375,"val_loss":0.17963018264153854,"_wandb":{"runtime":10},"val_acc":0.10033333333333333,"_timestamp":1.742097989247064e+09,"_runtime":10.540073261,"_step":39,"train_loss":0.14755818165382611}