{"train_loss":0.019544769016954917,"train_acc":0.859375,"val_loss":0.023646970484144537,"val_acc":0.8365,"_timestamp":1.74206943122524e+09,"_runtime":16.889249217,"_step":39,"_wandb":{"runtime":17}}