{"_step":39,"_wandb":{"runtime":25},"train_loss":0.01904186377004353,"train_acc":0.875,"val_loss":0.023053230309885632,"val_acc":0.8585,"_timestamp":1.742069407425781e+09,"_runtime":25.161727229}