{"_step":159,"_wandb":{"runtime":34},"Train Loss":0.018149234070002344,"Train Accuracy":0.84375,"Val Loss":0.022076249971592694,"Val Accuracy":0.846,"_timestamp":1.7421289147857597e+09,"_runtime":34.016919312}