{"val_acc":0.1055,"_wandb":{"runtime":21},"_timestamp":1.7419464321952884e+09,"_runtime":21.931192468,"_step":279,"train_loss":0.18125,"train_acc":0.09375,"val_loss":0.0950300632774358}