{"train_loss":0.2317025767309464,"train_acc":0.9375,"val_loss":0.40230364398467433,"val_acc":0.8625,"_timestamp":1.7420554228145497e+09,"_wandb":{"runtime":17},"_runtime":16.962322576,"_step":159}