{"train_acc":0.8929873511904762,"epoch":10,"_runtime":241.387533749,"val_acc":0.8826666666666667,"train_loss":0.2913583022996953,"_step":839,"_timestamp":1.741480145974075e+09,"_wandb":{"runtime":241},"val_loss":0.3284055884611138}