{"_timestamp":1.7415059622812374e+09,"train_acc":0.8391876854599406,"_step":1684,"_wandb":{"runtime":1814},"_runtime":1814.582684644,"epoch":5,"val_acc":0.8491666666666666,"train_loss":0.5011953881348382,"val_loss":0.46980556160359366}