{"train_acc":0.21875,"val_loss":0.10271279017394237,"_wandb":{"runtime":66},"val_acc":0.09633333333333334,"_timestamp":1.7420989690352225e+09,"_runtime":65.707250324,"_step":79,"train_loss":0.12229853817641403}