{"_wandb":{"runtime":28},"test_loss":1.6606886458349237,"_timestamp":1.741547234754813e+09,"train_loss":1.6283559719782967,"_step":393,"train_acc":0.30463362068965516,"test_acc":0.3188,"val_acc":0.31533333333333335,"val_loss":1.6626944634279144,"_runtime":28.607226008}