{"val_loss":0.051855740773912314,"val_acc":0.686,"_timestamp":1.7420986700847347e+09,"_runtime":80.377560763,"_wandb":{"runtime":80},"_step":79,"train_loss":0.05291242523693852,"train_acc":0.640625}