{"_wandb":{"runtime":7},"_timestamp":1.7420553065212896e+09,"_runtime":7.673083664,"_step":39,"train_loss":0.4772441927196039,"train_acc":0.890625,"val_loss":0.37504932008708974,"val_acc":0.8665}