{"train_acc":0.734375,"val_loss":0.043878793967521056,"val_acc":0.7591666666666667,"_timestamp":1.742068932343654e+09,"_runtime":17.746084501,"_step":39,"train_loss":0.04362694915014881,"_wandb":{"runtime":17}}