{"val_loss":0.019648135271610377,"val_acc":0.8688333333333333,"_timestamp":1.742069608190811e+09,"_runtime":92.88558226399999,"_step":159,"_wandb":{"runtime":93},"train_loss":0.01619019165157585,"train_acc":0.875}