{"_timestamp":1.7414986411958702e+09,"train_acc":0.2545758928571429,"train_loss":1.9961189171816747,"epoch":5,"val_loss":1.9579694716038918,"_step":419,"_wandb":{"runtime":115},"_runtime":115.127281355,"val_acc":0.2738333333333333}