{"_wandb":{"runtime":2},"Image":{"height":28,"format":"png","count":10,"filenames":["media/images/Image_0_adf48a208b1e9f1a3b47.png","media/images/Image_0_7f9147937f711e4ba16e.png","media/images/Image_0_b2def1b499b96beac370.png","media/images/Image_0_65989982ca9140b3494a.png","media/images/Image_0_f0d95813663251b7fdfc.png","media/images/Image_0_cd8689e0f2a035303171.png","media/images/Image_0_4d144877c9093c197264.png","media/images/Image_0_7b4106bc3ff373926955.png","media/images/Image_0_352ec8bcbb7f793c3857.png","media/images/Image_0_b6a39637dfc1e6079a40.png"],"captions":[9,0,3,2,7,5,1,6,4,8],"_type":"images/separated","width":28},"_timestamp":1.7421043948115566e+09,"_runtime":2.580133294,"_step":0}