{"train_loss":2.303823773297482,"val_acc":0.10366666666666667,"train_acc":0.10576923076923077,"_wandb":{"runtime":18},"val_loss":2.3027835476528615,"_timestamp":1.741499123703247e+09,"_runtime":18.327235966,"_step":12,"epoch":1}