{"_step":298,"_timestamp":1.7414805703339024e+09,"train_loss":0.40274102182704385,"train_acc":0.8556774809160306,"val_acc":0.8605,"epoch":2,"val_loss":0.38195043453489963,"_runtime":70.624918081,"_wandb":{"runtime":70}}