{"_runtime":21.781369222,"_step":79,"_wandb":{"runtime":21},"train_loss":0.178125,"train_acc":0.078125,"val_loss":0.17903333333333332,"val_acc":0.10483333333333333,"_timestamp":1.7420981007275922e+09}