{"train_acc":0.109375,"val_loss":0.09000740662436814,"val_acc":0.09416666666666666,"_timestamp":1.7420979259796298e+09,"_runtime":13.365897241,"_step":39,"_wandb":{"runtime":13},"train_loss":0.09002283693912157}