{"val_acc":0.12916666666666668,"_timestamp":1.7419471572336817e+09,"_runtime":39.046652867,"_step":213,"train_loss":2.4716970500404223,"train_acc":0,"_wandb":{"runtime":39},"val_loss":4.201082108537959}