{"val_loss":0.019201106462529156,"val_acc":0.8658333333333333,"_timestamp":1.7420693741600838e+09,"_runtime":50.153219232,"_step":79,"_wandb":{"runtime":50},"train_loss":0.007244963254238462,"train_acc":0.9375}