{"train_acc":0.84375,"_wandb":{"runtime":67},"val_loss":0.029861268412347226,"val_acc":0.796,"_timestamp":1.7420681819708357e+09,"_runtime":67.222471522,"_step":79,"train_loss":0.024664357082735767}