{"val_acc":0.8396666666666667,"train_loss":0.44391528268290803,"_wandb":{"runtime":49},"_timestamp":1.741465699325094e+09,"_step":196,"epoch":2,"train_acc":0.8394396551724138,"val_loss":0.4501658493688467,"_runtime":49.353158719}