{"_step":329,"train_loss":0.25263577499594214,"train_acc":0.875,"_wandb":{"runtime":119},"val_loss":0.37699287100075374,"val_acc":0.8678333333333333,"_timestamp":1.741889946311938e+09,"_runtime":119.838204906}