{"_step":1679,"val_loss":73.24248030062327,"train_loss":0.4396911810592797,"train_acc":0.8494233630952381,"_timestamp":1.7415432364266608e+09,"_wandb":{"runtime":226},"_runtime":226.506257746,"epoch":10,"val_acc":0.8401666666666666}