{"train_acc":0.0625,"val_loss":0.17953333333287524,"val_acc":0.10233333333333333,"_timestamp":1.742098275298581e+09,"_runtime":9.922743983,"_step":32,"_wandb":{"runtime":10},"train_loss":0.16229187474704448}