{"train_acc":1,"val_loss":0.35452978629764115,"val_acc":0.8746666666666667,"_timestamp":1.7420544656180763e+09,"_wandb":{"runtime":39},"_runtime":39.546516339,"_step":164,"train_loss":0.09385016726193772}