{"_wandb":{"runtime":68},"_runtime":67.848006692,"_step":79,"train_loss":0.08987563523764017,"train_acc":0.109375,"val_loss":0.09003302564125522,"val_acc":0.0955,"_timestamp":1.742069752168801e+09}