{"_runtime":14.40984512,"_step":79,"train_loss":0.42649107779268747,"_wandb":{"runtime":14},"train_acc":0.828125,"val_loss":0.42256144005356383,"val_acc":0.855,"_timestamp":1.7420555226146786e+09}