{"train_loss":0.37409228769289565,"train_acc":0.90625,"val_loss":0.4678770680829789,"val_acc":0.8386666666666667,"_wandb":{"runtime":16},"_timestamp":1.7421509129398224e+09,"_runtime":14.988462446,"_step":79}