{"val_acc":0.09866666666666667,"_timestamp":1.7420974038145068e+09,"_wandb":{"runtime":72},"_runtime":72.174490833,"_step":79,"train_loss":0.09140985183529525,"train_acc":0.078125,"val_loss":0.09011203661493077}