{"_timestamp":1.7420700186579843e+09,"_runtime":85.424267664,"_step":79,"_wandb":{"runtime":85},"train_loss":0.016487496141921062,"train_acc":0.890625,"val_loss":0.017474663226018452,"val_acc":0.8808333333333334}