{"val_loss":0.0823694743331328,"val_acc":0.244,"_wandb":{"runtime":48},"_timestamp":1.7420990301711035e+09,"_runtime":48.121215876,"_step":39,"train_loss":0.08308216948948972,"train_acc":0.265625}