{"_wandb":{"runtime":32},"train_loss":NaN,"train_acc":0.109375,"val_loss":NaN,"val_acc":0.10583333333333333,"_timestamp":1.7420676003579607e+09,"_runtime":31.97196561,"_step":79}