{"_step":419,"_runtime":126.369371659,"val_loss":0.33902267254409263,"train_loss":0.31867667743568984,"train_acc":0.8841703869047619,"_wandb":{"runtime":126},"_timestamp":1.741486621497218e+09,"val_acc":0.8813333333333333,"epoch":5}