{"epoch":5,"train_loss":2.302573431414196,"_timestamp":1.74148152965421e+09,"val_acc":0.18716666666666668,"_wandb":{"runtime":120},"train_acc":0.1890438988095238,"_step":419,"val_loss":2.3025734055812777,"_runtime":120.118669849}