{"_step":164,"train_loss":0.2591376448238364,"train_acc":0.9375,"_wandb":{"runtime":18},"val_loss":0.4130719725548678,"val_acc":0.852,"_timestamp":1.7420550849151783e+09,"_runtime":17.998728949}