{"epoch":10,"val_loss":0.4421106178326296,"_wandb":{"runtime":218},"train_loss":0.43739295899639585,"_step":3369,"train_acc":0.8464577151335312,"val_acc":0.8425,"_timestamp":1.7415430053319669e+09,"_runtime":218.770106851}