{"train_acc":0.7686285714285714,"_wandb":{"runtime":77},"train_loss":1.0667348145957538,"epoch":1,"_runtime":77.297276047,"val_loss":1.1999581302887237,"val_acc":0.7796666666666666,"_step":88,"_timestamp":1.741455269619471e+09}