{"train_loss":0.019780595558358552,"train_acc":0.875,"val_loss":0.029616656377639078,"val_acc":0.7941666666666667,"_timestamp":1.7419463329159126e+09,"_runtime":13.317258451,"_wandb":{"runtime":13},"_step":158}