{"_step":79,"_wandb":{"runtime":22},"train_loss":0.03643119160103596,"train_acc":0.703125,"val_loss":0.029560042222421923,"val_acc":0.7878333333333334,"_timestamp":1.7420988073545558e+09,"_runtime":22.210589402}