{"_timestamp":1.7420549385979884e+09,"_runtime":5.482242113,"_step":39,"train_loss":0.32426765157872994,"train_acc":0.921875,"val_loss":0.4214725149701462,"val_acc":0.8471666666666666,"_wandb":{"runtime":5}}