{"train_loss":0.42538190836053047,"_wandb":{"runtime":2634},"train_acc":0.8543526785714286,"val_loss":0.4207869523523988,"_runtime":2634.785982717,"_step":1679,"epoch":10,"val_acc":0.851,"_timestamp":1.7415104368613179e+09}