{"train_acc":0.0625,"val_loss":0.13895974532437327,"val_acc":0.1,"_timestamp":1.741946384723e+09,"_runtime":14.44637075,"_step":235,"_wandb":{"runtime":14},"train_loss":0.09346474964884215}