{"val_loss":0.029305004264614437,"val_acc":0.7985,"_wandb":{"runtime":100},"_timestamp":1.7420984540254157e+09,"_runtime":99.600498296,"_step":79,"train_loss":0.02760776260598915,"train_acc":0.796875}