{"_runtime":8.33239882,"_step":79,"train_loss":0.33883759645350164,"_wandb":{"runtime":8},"train_acc":0.84375,"val_loss":0.40153466127560705,"val_acc":0.8495,"_timestamp":1.74222058971902e+09}