{"train_acc":0.1048469387755102,"_step":97,"_runtime":8.365661664,"train_loss":2.3025039951840776,"test_acc":0.1986,"val_loss":2.2991645435685255,"_wandb":{"runtime":8},"val_acc":0.20916666666666667,"test_loss":2.2991754857908098,"_timestamp":1.7415488726710231e+09}