{"train_loss":0.09187971853295765,"train_acc":0.125,"val_loss":0.09147186571972261,"val_acc":0.10716666666666666,"_timestamp":1.742098502157553e+09,"_wandb":{"runtime":9},"_runtime":8.945808552,"_step":32}