{"_step":239,"CE Val Loss":0.39972716903371897,"CE Train Acc":0.890625,"_wandb":{"runtime":52},"CE Train Loss":0.27822439671021504,"_runtime":51.90545317,"train_acc":0.96875,"val_loss":0.02304082133649727,"_timestamp":1.7421283646558979e+09,"train_loss":0.012971661765220887,"val_acc":0.8393333333333334,"CE Val Acc":0.8595}