{"_step":1679,"train_loss":0.23496693500385296,"train_acc":0.9127046130952381,"_timestamp":1.7414911319254513e+09,"_runtime":400.324898284,"epoch":10,"val_acc":0.8885,"val_loss":0.31969364221815516,"_wandb":{"runtime":400}}