{"val_loss":0.02389040815880031,"val_acc":0.8283333333333334,"_timestamp":1.7420982181760871e+09,"_runtime":74.123297714,"_step":159,"_wandb":{"runtime":74},"train_loss":0.03896763990088929,"train_acc":0.65625}