{"val_acc":0.10283333333333333,"_timestamp":1.742097899642504e+09,"_runtime":17.728222525,"_step":32,"train_loss":0.09371147262533662,"train_acc":0.1875,"_wandb":{"runtime":17},"val_loss":0.09367036828964412}