{"val_loss":0.39042484044884507,"val_acc":0.8705,"_timestamp":1.7421515450364575e+09,"_runtime":132.125143479,"_wandb":{"runtime":134},"_step":159,"train_loss":0.22008449443619904,"train_acc":0.90625}