{"_step":79,"train_loss":0.023732098013319818,"train_acc":0.859375,"val_loss":0.021235354192524876,"val_acc":0.8565,"_wandb":{"runtime":53},"_timestamp":1.7420695103187559e+09,"_runtime":53.004674709}