{"val_acc":0.11983333333333333,"epoch":2,"_step":373,"_timestamp":1.7414810805618224e+09,"_runtime":72.344162,"train_loss":2.3025765540466296,"train_acc":0.12128378378378378,"val_loss":2.3025766835062513,"_wandb":{"runtime":72}}