{"val_acc":0.7998333333333333,"_timestamp":1.74209868412231e+09,"_runtime":10.421720538,"_step":39,"train_loss":0.023132147619549744,"train_acc":0.828125,"val_loss":0.029636943026754497,"_wandb":{"runtime":10}}