{"val_loss":2.3025291732549715,"_step":839,"_timestamp":1.7414996181618176e+09,"val_acc":0.23533333333333334,"_runtime":195.536962744,"train_loss":2.302535156810135,"epoch":5,"_wandb":{"runtime":195},"train_acc":0.24097842261904762}