{"epoch":10,"val_loss":0.31071668638382716,"train_acc":0.9091517857142857,"_step":1679,"_timestamp":1.7415013180522969e+09,"_wandb":{"runtime":368},"_runtime":368.842129329,"train_loss":0.24213720199497205,"val_acc":0.8908333333333334}