{"val_acc":0.8671666666666666,"_step":839,"_wandb":{"runtime":193},"train_acc":0.8730096726190476,"epoch":5,"_timestamp":1.741486351527108e+09,"train_loss":0.350543601743466,"_runtime":193.44778584,"val_loss":0.3676236290876937}