{"val_loss":1.7310273280312904,"val_acc":0.2803333333333333,"_timestamp":1.7420544207461953e+09,"_runtime":23.315644307,"_step":159,"train_loss":1.691350029698768,"train_acc":0.34375,"_wandb":{"runtime":23}}