{"_wandb":{"runtime":761},"_runtime":761.392658144,"val_loss":NaN,"train_acc":0.8796179525222552,"val_acc":0.8708333333333333,"_step":3369,"epoch":10,"train_loss":NaN,"_timestamp":1.7414994090832772e+09}