{"val_loss":0.021146397958133147,"val_acc":0.8471666666666666,"_timestamp":1.7420980704240654e+09,"_runtime":65.371800586,"_wandb":{"runtime":65},"_step":79,"train_loss":0.01757730722580455,"train_acc":0.875}