{"_step":79,"_wandb":{"runtime":15},"train_loss":0.7142800518957007,"train_acc":0.765625,"val_loss":0.5789121552072916,"val_acc":0.7941666666666667,"_timestamp":1.7418898206063573e+09,"_runtime":15.705910413}