{"_timestamp":1.741889299344772e+09,"_runtime":26.783406663,"_step":79,"train_loss":21.192699345361834,"train_acc":0.09375,"val_loss":2.8586491872339326,"val_acc":0.09466666666666666,"_wandb":{"runtime":26}}