{"_step":1679,"train_loss":0.5318535436066328,"val_acc":0.8183333333333334,"_timestamp":1.7414985196891418e+09,"epoch":10,"train_acc":0.8145089285714285,"_runtime":394.478381849,"_wandb":{"runtime":394},"val_loss":0.5227062172831931}