{"_timestamp":1.742097428077913e+09,"_runtime":11.517340923,"_step":39,"_wandb":{"runtime":11},"train_loss":0.0897575233223767,"train_acc":0.234375,"val_loss":0.08958476566308085,"val_acc":0.2185}