{"train_loss":0.060094041444984626,"train_acc":0.5,"val_loss":0.055876118883373745,"val_acc":0.587,"_wandb":{"runtime":5},"_timestamp":1.7420992715119991e+09,"_runtime":5.431073568,"_step":32}