{"_wandb":{"runtime":58},"_runtime":57.983484038,"epoch":1,"train_acc":0.0953125,"train_loss":2.303388379658554,"val_loss":2.3021901691370563,"val_acc":0.10283333333333333,"_timestamp":1.7415066443026767e+09,"_step":67}