{"epoch":10,"train_loss":0.27625528510913394,"_timestamp":1.7415015626211905e+09,"train_acc":0.8972842261904762,"val_acc":0.875,"_wandb":{"runtime":239},"_step":839,"val_loss":0.36614723001783017,"_runtime":239.004856229}