{"train_acc":0.796875,"val_loss":0.023338109611556527,"val_acc":0.8431666666666666,"_timestamp":1.7420688388610687e+09,"_runtime":13.934239138,"_step":39,"_wandb":{"runtime":14},"train_loss":0.025256875929821853}