{"_runtime":4.269098967,"_step":32,"train_loss":0.04786813770716376,"train_acc":0.625,"val_loss":0.05822558745113323,"val_acc":0.5306666666666666,"_timestamp":1.7420676620487335e+09,"_wandb":{"runtime":4}}