{"val_loss":0.10531386287164976,"val_acc":0.1015,"_timestamp":1.7419465396585615e+09,"_runtime":24.289105759999998,"_step":69,"_wandb":{"runtime":24},"train_loss":0.18124990382931772,"train_acc":0.0625}