{"epoch":5,"_wandb":{"runtime":356},"train_loss":45.88791578198855,"_timestamp":1.741507290202207e+09,"_runtime":356.750366927,"_step":839,"train_acc":0.6527901785714286,"val_loss":56.59366016553871,"val_acc":0.6693333333333333}