{"val_acc":0.10216666666666667,"_timestamp":1.7419465028512747e+09,"_runtime":66.346732564,"_step":279,"train_loss":0.18744679676668805,"train_acc":0.125,"val_loss":0.17956666666654064,"_wandb":{"runtime":66}}