{"val_loss":0.08999604258579405,"val_acc":0.1,"_wandb":{"runtime":51},"_timestamp":1.7420978757440193e+09,"_runtime":51.508359362,"_step":159,"train_loss":0.09002120626714641,"train_acc":0.09375}