{"_wandb":{"runtime":19},"train_loss":0.2784719217262619,"train_acc":0.90625,"val_loss":0.33347795445464296,"val_acc":0.8808333333333334,"_timestamp":1.7418895939593225e+09,"_runtime":18.935160568,"_step":79}