{"train_loss":0.49045798512933847,"train_acc":0.78125,"val_loss":0.3983202381705134,"val_acc":0.854,"_timestamp":1.7420555413867962e+09,"_runtime":12.650777531,"_step":79,"_wandb":{"runtime":12}}