{"Train Accuracy":0.921875,"_runtime":44.953640278,"_wandb":{"runtime":45},"CE Val Acc":0.8575,"_step":202,"Val Accuracy":0.8273333333333334,"MSE Val Acc":0.8476666666666667,"Train Loss":0.23015968455098168,"CE Train Loss":0.30561311680969405,"CE Train Acc":0.875,"_timestamp":1.7421288601670108e+09,"Val Loss":0.4706735913708441,"CE Val Loss":0.4119618467964195,"MSE Train Loss":0.01888194732104301,"MSE Val Loss":0.02231920979388557,"MSE Train Acc":0.859375}