{"val_loss":0.4867274770640594,"val_acc":0.8311666666666667,"_timestamp":1.7420552685243623e+09,"_runtime":7.530763459,"_step":39,"_wandb":{"runtime":7},"train_loss":0.4399495787322264,"train_acc":0.828125}