{"val_acc":0.2785,"_timestamp":1.742098833539274e+09,"_runtime":21.975593875,"_step":79,"_wandb":{"runtime":22},"train_loss":0.08310163143025995,"train_acc":0.234375,"val_loss":0.07819387642240205}