{"train_loss":0.034578396363895855,"train_acc":0.8125,"val_loss":0.04370331017738057,"_wandb":{"runtime":20},"val_acc":0.7118333333333333,"_timestamp":1.7420698521146011e+09,"_runtime":20.021939697,"_step":32}