{"_wandb":{"runtime":17},"_timestamp":1.7420549880826705e+09,"_runtime":17.735288928,"_step":79,"train_loss":0.22530560636447894,"train_acc":0.96875,"val_loss":0.45065877803576465,"val_acc":0.8378333333333333}