{"_timestamp":1.742067729439912e+09,"_runtime":28.557095428,"_step":159,"train_loss":0.04735156626289867,"train_acc":0.59375,"val_loss":0.03836709342681245,"_wandb":{"runtime":28},"val_acc":0.7426666666666667}