{"train_loss":0.3296041952777591,"_wandb":{"runtime":415},"_runtime":415.637418855,"val_loss":0.32728523909451945,"_step":419,"_timestamp":1.7415041422328196e+09,"epoch":5,"train_acc":0.8809337797619048,"val_acc":0.8816666666666667}