{"train_loss":0.33053374405161107,"train_acc":0.88203125,"val_loss":0.3575272752576618,"val_acc":0.8736666666666667,"_timestamp":1.7414663443741562e+09,"_step":1679,"epoch":10,"_runtime":403.651822967,"_wandb":{"runtime":403}}