{"_wandb":{"runtime":119},"val_loss":0.4247828260158682,"_runtime":119.475902557,"train_loss":0.43235158586272626,"_timestamp":1.7414807840632443e+09,"val_acc":0.8475,"_step":419,"train_acc":0.8465029761904762,"epoch":5}