{"train_acc":0.15625,"_wandb":{"runtime":84},"val_loss":0.10566842092400353,"val_acc":0.09733333333333333,"_timestamp":1.742099513596778e+09,"_runtime":83.731137249,"_step":79,"train_loss":0.09767046555238572}