{"train_loss":0.026895831126500847,"train_acc":0.78125,"val_loss":0.02225930481553647,"_wandb":{"runtime":66},"val_acc":0.8428333333333333,"_timestamp":1.7420688176615665e+09,"_runtime":66.618620177,"_step":79}