{"val_loss":0.9225888918730543,"val_acc":0.7123333333333334,"_timestamp":1.7418892652211773e+09,"_wandb":{"runtime":29},"_runtime":29.26858378,"_step":159,"train_loss":1.0818869817017136,"train_acc":0.625}