{"train_acc":0.921875,"val_loss":0.019075576945699255,"_wandb":{"runtime":79},"val_acc":0.8663333333333333,"_timestamp":1.742070102985224e+09,"_runtime":79.54694768,"_step":79,"train_loss":0.012171852019666064}