{"_step":1679,"train_acc":0.17373511904761904,"_wandb":{"runtime":374},"train_loss":2.2997773473431655,"epoch":10,"val_loss":2.294433964319213,"_timestamp":1.7415019514564521e+09,"_runtime":374.409769183,"val_acc":0.16583333333333333}