{"_step":39,"_wandb":{"runtime":7},"train_loss":0.47363045934432146,"train_acc":0.8125,"val_loss":0.46758367671174844,"val_acc":0.8286666666666667,"_timestamp":1.7420554769679346e+09,"_runtime":6.966625608}