{"_wandb":{"runtime":15},"_timestamp":1.7414441405597367e+09,"val_loss":2.3025850929938976,"val_acc":0.09566666666666666,"epoch":1,"train_acc":0.09986206896551725,"_runtime":15.490630046,"train_loss":2.302585092993212,"_step":28}