{"_step":39,"train_loss":0.29933486232407003,"train_acc":0.859375,"val_loss":0.37166051421474366,"val_acc":0.8703333333333333,"_timestamp":1.7420549006657364e+09,"_runtime":6.264138184,"_wandb":{"runtime":6}}