{"_step":39,"train_loss":0.4352701977422154,"train_acc":0.84375,"val_loss":0.3722794431123492,"val_acc":0.8666666666666667,"_wandb":{"runtime":9},"_timestamp":1.7420549641475377e+09,"_runtime":9.826370268}