{"epoch":1,"val_loss":2.304331951844776,"val_acc":0.09466666666666666,"_step":138,"train_acc":0.10197841726618705,"_runtime":14.308797307,"_timestamp":1.741542283187001e+09,"train_loss":2.3026855017451955,"_wandb":{"runtime":14}}